t,accelerometer_x,accelerometer_y,accelerometer_z,text_time,text_alarm,text_battery_level,text_water_in_cup,text_water_to_drink,not_data_transfering,not_bluetooth,text_state
72,-0.633057,9.763947,1.159332,10:20:27,10:53,98%,0ml,2000ml,TRUE,FALSE,SLEEPING
73,-0.621093666666667,9.77431233333333,1.10189833333333,10:20:27,10:53,98%,0ml,2000ml,TRUE,FALSE,SLEEPING
74,-0.6701505,9.771118,1.064804,10:20:27,10:53,98%,0ml,1800ml,TRUE,FALSE,SLEEPING
75,-0.623482,9.780693,1.1150585,10:20:27,10:53,98%,0ml,1801ml,TRUE,FALSE,SLEEPING
76,-0.6234815,9.7830885,1.083946,10:20:27,10:53,98%,0ml,1802ml,TRUE,FALSE,SLEEPING
77,-0.6665575,9.7627485,1.0205385,10:20:27,10:53,98%,0ml,1803ml,TRUE,FALSE,SLEEPING
78,-0.633057,9.775902,1.101898,10:20:27,10:53,98%,0ml,1804ml,TRUE,FALSE,SLEEPING
79,-0.61631,9.784279,0.92363,10:20:27,10:53,98%,0ml,1805ml,TRUE,FALSE,SLEEPING
80,-0.6318585,9.7699205,1.000206,10:20:27,10:53,98%,0ml,1806ml,TRUE,FALSE,SLEEPING
81,-0.6342545,9.774704,1.106682,10:20:27,10:53,98%,0ml,1807ml,TRUE,FALSE,SLEEPING
82,-0.648613,9.7782975,1.025322,10:20:27,10:53,98%,0ml,1808ml,TRUE,FALSE,SLEEPING
83,-0.6426315,9.7794955,1.063614,10:20:27,10:53,98%,0ml,1809ml,TRUE,FALSE,SLEEPING
84,-0.662964,9.7771,1.055237,10:20:27,10:53,98%,0ml,1810ml,TRUE,FALSE,SLEEPING
85,-0.651001,9.7747115,1.0468595,10:20:27,10:53,98%,0ml,1811ml,TRUE,FALSE,SLEEPING
86,-0.629471,9.7854765,1.0755765,10:20:27,10:53,98%,0ml,1812ml,TRUE,FALSE,SLEEPING
87,-0.6533965,9.7782975,1.002594,10:20:27,10:53,98%,0ml,1813ml,TRUE,FALSE,SLEEPING
88,-0.635452,9.7890625,0.941574,10:20:27,10:53,98%,0ml,1814ml,TRUE,FALSE,SLEEPING
89,-0.671341,9.7771,0.999008,10:20:28,10:53,98%,0ml,1815ml,TRUE,FALSE,SLEEPING
90,-0.645823333333333,9.785482,1.05244966666667,10:20:28,10:53,98%,0ml,1816ml,TRUE,FALSE,SLEEPING
91,-0.6055375,9.7794955,1.039688,10:20:28,10:53,98%,0ml,1817ml,TRUE,FALSE,SLEEPING
92,-0.6258775,9.781891,1.0983045,10:20:28,10:53,98%,0ml,1818ml,TRUE,FALSE,SLEEPING
93,-0.654587,9.7699205,1.094719,10:20:28,10:53,98%,0ml,1819ml,TRUE,FALSE,SLEEPING
94,-0.6438295,9.780693,1.085144,10:20:28,10:53,98%,0ml,1820ml,TRUE,FALSE,SLEEPING
95,-0.63784,9.7782975,1.022934,10:20:28,10:53,98%,0ml,1821ml,TRUE,FALSE,SLEEPING
96,-0.640236,9.783081,0.9678955,10:20:28,10:53,98%,0ml,1822ml,TRUE,FALSE,SLEEPING
97,-0.654594,9.7866745,1.028923,10:20:28,10:53,98%,0ml,1823ml,TRUE,FALSE,SLEEPING
98,-0.6007535,9.78907,1.074379,10:20:28,10:53,98%,0ml,1824ml,TRUE,FALSE,SLEEPING
99,-0.6486055,9.7759015,1.1270215,10:20:28,10:53,98%,0ml,1825ml,TRUE,FALSE,SLEEPING
100,-0.6318585,9.7711185,1.0683975,10:20:28,10:53,98%,0ml,1826ml,TRUE,FALSE,SLEEPING
101,-0.6342545,9.778297,0.9738845,10:20:28,10:53,98%,0ml,1827ml,TRUE,FALSE,SLEEPING
102,-0.6521985,9.791458,1.021736,10:20:28,10:53,98%,0ml,1828ml,TRUE,FALSE,SLEEPING
103,-0.6258775,9.780693,1.134201,10:20:28,10:53,98%,0ml,1829ml,TRUE,FALSE,SLEEPING
104,-0.629463,9.7782975,0.999008,10:20:28,10:53,98%,0ml,1830ml,TRUE,FALSE,SLEEPING
105,-0.6545945,9.7663345,1.054047,10:20:28,10:53,98%,0ml,1831ml,TRUE,FALSE,SLEEPING
106,-0.617905,9.78388466666667,1.03489666666667,10:20:28,10:53,98%,0ml,1832ml,TRUE,FALSE,SLEEPING
107,-0.6402355,9.781891,1.063614,10:20:28,10:53,98%,0ml,1833ml,TRUE,FALSE,SLEEPING
108,-0.598358,9.7878725,1.1138685,10:20:28,10:53,98%,0ml,1834ml,TRUE,FALSE,SLEEPING
109,-0.6713405,9.7711255,0.972687,10:20:28,10:53,98%,0ml,1835ml,TRUE,FALSE,SLEEPING
110,-0.640236,9.7866745,1.0564345,10:20:28,10:53,98%,0ml,1836ml,TRUE,FALSE,SLEEPING
111,-0.6199035,9.7866745,1.131813,10:20:28,10:53,98%,0ml,1837ml,TRUE,FALSE,SLEEPING
112,-0.642624,9.7770995,1.0995025,10:20:28,10:53,98%,0ml,1838ml,TRUE,FALSE,SLEEPING
113,-0.639038,9.772316,1.037285,10:20:29,10:53,98%,0ml,1839ml,TRUE,FALSE,SLEEPING
114,-0.606743,9.781883,1.02652,10:20:29,10:53,98%,0ml,1840ml,TRUE,FALSE,SLEEPING
115,-0.6330565,9.773514,1.0564345,10:20:29,10:53,98%,0ml,1841ml,TRUE,FALSE,SLEEPING
116,-0.6521985,9.780693,1.075577,10:20:29,10:53,98%,0ml,1842ml,TRUE,FALSE,SLEEPING
117,-0.628273,9.7866745,1.0731815,10:20:29,10:53,98%,0ml,1843ml,TRUE,FALSE,REFILL MODE
118,-0.6450195,9.792664,0.9942245,10:20:29,10:53,98%,0ml,1844ml,TRUE,FALSE,REFILL MODE
119,-0.622292,9.7759095,1.062416,10:20:29,10:53,98%,0ml,1845ml,TRUE,FALSE,REFILL MODE
120,-0.6342545,9.772316,1.14975,10:20:29,10:53,98%,0ml,1846ml,TRUE,FALSE,REFILL MODE
121,-0.6354525,9.781891,1.037285,10:20:29,10:53,98%,0ml,1847ml,TRUE,FALSE,REFILL MODE
122,-0.6222915,9.780693,1.0253295,10:20:29,10:53,98%,0ml,1848ml,TRUE,FALSE,REFILL MODE
123,-0.625874666666667,9.779892,1.04048166666667,10:20:29,10:53,98%,0ml,1849ml,TRUE,FALSE,REFILL MODE
124,-0.645027,9.778297,1.1090775,10:20:29,10:53,98%,0ml,1850ml,TRUE,FALSE,REFILL MODE
125,-0.607933,9.7830885,0.953537,10:20:29,10:53,98%,0ml,1851ml,TRUE,FALSE,REFILL MODE
126,-0.609131,9.7759095,1.031311,10:20:29,10:53,98%,0ml,1852ml,TRUE,FALSE,REFILL MODE
127,-0.6234895,9.7747115,1.153343,10:20:29,10:53,98%,0ml,1853ml,TRUE,FALSE,REFILL MODE
128,-0.624687,9.773514,1.0480655,10:20:29,10:53,98%,0ml,1854ml,TRUE,FALSE,REFILL MODE
129,-0.6270755,9.784279,1.112671,10:20:29,10:53,98%,0ml,1855ml,TRUE,FALSE,REFILL MODE
130,-0.607933,9.7747115,1.0277175,10:20:29,10:53,98%,0ml,1856ml,TRUE,FALSE,REFILL MODE
131,-0.603149,9.771118,0.9846495,10:20:29,10:53,98%,0ml,1857ml,TRUE,FALSE,REFILL MODE
132,-0.609131,9.780693,1.0456615,10:20:29,10:53,98%,0ml,1858ml,TRUE,FALSE,REFILL MODE
133,-0.648613,9.76873,1.0887375,10:20:29,10:53,98%,0ml,1859ml,TRUE,FALSE,REFILL MODE
134,-0.607933,9.7902605,1.070793,10:20:29,10:53,98%,0ml,1860ml,TRUE,FALSE,REFILL MODE
135,-0.6354525,9.7770995,1.0432735,10:20:29,10:53,98%,0ml,1861ml,TRUE,FALSE,REFILL MODE
136,-0.6234895,9.7771,1.0624165,10:20:29,10:53,98%,0ml,1862ml,TRUE,FALSE,REFILL MODE
137,-0.639038,9.7759095,0.955933,10:20:30,10:53,98%,0ml,1863ml,TRUE,FALSE,REFILL MODE
138,-0.6199035,9.7878725,0.9344025,10:20:30,10:53,98%,0ml,1864ml,TRUE,FALSE,REFILL MODE
139,-0.648613,9.777107,1.010971,10:20:30,10:53,98%,0ml,1865ml,TRUE,FALSE,REFILL MODE
140,-0.623484333333333,9.78867066666667,1.04926066666667,10:20:30,10:53,98%,0ml,1866ml,TRUE,FALSE,REFILL MODE
141,-0.6438215,9.7747115,0.948761,10:20:30,10:53,98%,0ml,1867ml,TRUE,FALSE,REFILL MODE
142,-0.6617735,9.7711255,0.9475635,10:20:30,10:53,98%,0ml,1868ml,TRUE,FALSE,REFILL MODE
143,-0.6222835,9.7759095,1.063614,10:20:30,10:53,98%,0ml,1869ml,TRUE,FALSE,REFILL MODE
144,-0.6019515,9.7998355,1.0683975,10:20:30,10:53,98%,0ml,1870ml,TRUE,FALSE,REFILL MODE
145,-0.6318585,9.7866745,1.015755,10:20:30,10:53,98%,0ml,1871ml,TRUE,FALSE,REFILL MODE
146,-0.645027,9.7890625,1.0576325,10:20:30,10:53,98%,0ml,1872ml,TRUE,FALSE,REFILL MODE
147,-0.645027,9.779503,1.073189,10:20:30,10:53,98%,0ml,1873ml,TRUE,FALSE,REFILL MODE
148,-0.619896,9.7759095,1.030113,10:20:30,10:53,98%,0ml,1874ml,TRUE,FALSE,REFILL MODE
149,-0.667755,9.761551,1.0683975,10:20:30,10:53,98%,0ml,1875ml,TRUE,FALSE,REFILL MODE
150,-0.6234895,9.775909,1.038483,10:20:30,10:53,98%,0ml,1876ml,TRUE,FALSE,REFILL MODE
151,-0.6426315,9.790268,1.0265275,10:20:30,10:53,98%,0ml,1877ml,TRUE,FALSE,REFILL MODE
152,-0.647415,9.7687305,1.0468675,10:20:30,10:53,98%,0ml,1878ml,TRUE,FALSE,REFILL MODE
153,-0.652199,9.781891,1.0923235,10:20:30,10:53,98%,0ml,1879ml,TRUE,FALSE,REFILL MODE
154,-0.6785205,9.7723235,1.042076,10:20:30,10:53,98%,0ml,1880ml,TRUE,FALSE,REFILL MODE
155,-0.674927,9.7699205,0.9499515,10:20:30,10:53,98%,0ml,1881ml,TRUE,FALSE,REFILL MODE
156,-0.633855,9.78627533333333,1.038086,10:20:30,10:53,98%,0ml,1882ml,TRUE,FALSE,REFILL MODE
157,-0.63665,9.790268,1.1078795,10:20:30,10:53,98%,0ml,1883ml,TRUE,FALSE,REFILL MODE
158,-0.640236,9.772316,1.0408785,10:20:30,10:53,98%,0ml,1884ml,TRUE,FALSE,REFILL MODE
159,-0.676132,9.7830885,0.911667,10:20:30,10:53,98%,0ml,1885ml,TRUE,FALSE,REFILL MODE
160,-0.621094,9.7806935,0.920044,10:20:30,10:53,98%,0ml,1886ml,TRUE,FALSE,REFILL MODE
161,-0.6426235,9.798645,1.104286,10:20:31,10:53,98%,0ml,1887ml,TRUE,FALSE,REFILL MODE
162,-0.648613,9.7771075,1.0779725,10:20:31,10:53,98%,0ml,1888ml,TRUE,FALSE,REFILL MODE
163,-0.6115265,9.778305,0.890137,10:20:31,10:53,98%,0ml,1889ml,TRUE,FALSE,REFILL MODE
164,-0.65818,9.773514,1.0085755,10:20:31,10:53,98%,0ml,1890ml,TRUE,FALSE,REFILL MODE
165,-0.662964,9.7711255,1.0887375,10:20:31,10:53,98%,0ml,1891ml,TRUE,FALSE,REFILL MODE
166,-0.5935745,9.793854,1.0672,10:20:31,10:53,98%,0ml,1892ml,TRUE,FALSE,REFILL MODE
167,-0.680916,9.7735135,0.912865,10:20:31,10:53,98%,0ml,1893ml,TRUE,FALSE,REFILL MODE
168,-0.630669,9.7771,1.052841,10:20:31,10:53,98%,0ml,1894ml,TRUE,FALSE,REFILL MODE
169,-0.5947725,9.7890625,1.0959095,10:20:31,10:53,98%,0ml,1895ml,TRUE,FALSE,REFILL MODE
170,-0.652199,9.7794955,0.957138,10:20:31,10:53,98%,0ml,1896ml,TRUE,FALSE,REFILL MODE
171,-0.6665575,9.790268,0.951149,10:20:31,10:53,98%,0ml,1897ml,TRUE,FALSE,REFILL MODE
172,-0.628273,9.7782975,1.042076,10:20:31,10:53,98%,0ml,1898ml,TRUE,FALSE,REFILL MODE
173,-0.62588,9.78387966666667,1.04367566666667,10:20:31,10:53,98%,0ml,1899ml,TRUE,FALSE,REFILL MODE
174,-0.63665,9.777107,0.9655075,10:20:31,10:53,98%,0ml,1900ml,TRUE,FALSE,REFILL MODE
175,-0.630661,9.7854765,0.9798585,10:20:31,10:53,98%,0ml,1901ml,TRUE,FALSE,REFILL MODE
176,-0.610329,9.7759095,1.055237,10:20:31,10:53,98%,0ml,1902ml,TRUE,FALSE,REFILL MODE
177,-0.6402355,9.7782975,1.1007005,10:20:31,10:53,98%,0ml,1903ml,TRUE,FALSE,REFILL MODE
178,-0.619896,9.7842785,0.960724,10:20:31,10:53,98%,0ml,1904ml,TRUE,FALSE,REFILL MODE
179,-0.641434,9.778305,0.899704,10:20:31,10:53,98%,0ml,1905ml,TRUE,FALSE,REFILL MODE
180,-0.691681,9.7699205,1.0899355,10:20:31,10:53,98%,0ml,1906ml,TRUE,FALSE,REFILL MODE
181,-0.5588835,9.7938535,1.1270215,10:20:31,10:53,98%,0ml,1907ml,FALSE,FALSE,REFILL MODE
182,-0.6318585,9.7699205,0.9152525,10:20:31,10:53,98%,0ml,1908ml,FALSE,FALSE,REFILL MODE
183,-0.651001,9.785477,1.007385,10:20:31,10:53,98%,0ml,1909ml,FALSE,FALSE,REFILL MODE
184,-0.629471,9.7854845,1.0480575,10:20:31,10:53,98%,0ml,1910ml,FALSE,FALSE,REFILL MODE
185,-0.633057,9.7830885,1.0887375,10:20:32,10:53,98%,0ml,1911ml,FALSE,FALSE,REFILL MODE
186,-0.599556,9.787872,1.1042935,10:20:32,10:53,98%,0ml,1912ml,FALSE,FALSE,REFILL MODE
187,-0.6378475,9.778297,0.9463655,10:20:32,10:53,98%,0ml,1913ml,FALSE,FALSE,REFILL MODE
188,-0.5804215,9.7878725,0.9990085,10:20:32,10:53,98%,0ml,1914ml,FALSE,FALSE,REFILL MODE
189,-0.633064,9.780693,1.0576325,10:20:32,10:53,98%,0ml,1915ml,FALSE,FALSE,REFILL MODE
190,-0.63944,9.77191666666667,1.03011566666667,10:20:32,10:53,98%,0ml,1916ml,FALSE,FALSE,REFILL MODE
191,-0.6234895,9.7878645,0.9930265,10:20:32,10:53,98%,0ml,1917ml,FALSE,FALSE,REFILL MODE
192,-0.640236,9.7687305,1.01815,10:20:32,10:53,98%,0ml,1918ml,FALSE,FALSE,REFILL MODE
193,-0.6426315,9.7782975,0.953537,10:20:32,10:53,98%,0ml,1919ml,FALSE,FALSE,REFILL MODE
194,-0.6139145,9.783081,1.076775,10:20:32,10:53,98%,0ml,1920ml,FALSE,FALSE,REFILL MODE
195,-0.607933,9.7878725,1.1246265,10:20:32,10:53,98%,0ml,1921ml,FALSE,FALSE,REFILL MODE
196,-0.630661,9.779495,1.073181,10:20:32,10:53,98%,0ml,1922ml,FALSE,FALSE,REFILL MODE
197,-0.640236,9.779495,0.9571305,10:20:32,10:53,98%,0ml,1923ml,FALSE,FALSE,REFILL MODE
198,-0.651009,9.783081,0.9942245,10:20:32,10:53,98%,0ml,1924ml,FALSE,FALSE,REFILL MODE
199,-0.6521985,9.771118,1.0097735,10:20:32,10:53,98%,0ml,1925ml,FALSE,FALSE,REFILL MODE
200,-0.6378405,9.7890705,1.060028,10:20:32,10:53,98%,0ml,1926ml,FALSE,FALSE,REFILL MODE
201,-0.641434,9.781891,0.9463655,10:20:32,10:53,98%,0ml,1927ml,FALSE,FALSE,REFILL MODE
202,-0.6115185,9.791458,1.085144,10:20:32,10:53,98%,0ml,1928ml,FALSE,FALSE,REFILL MODE
203,-0.648613,9.7747115,1.1569365,10:20:32,10:53,98%,0ml,1929ml,FALSE,FALSE,REFILL MODE
204,-0.627075,9.780693,1.0899355,10:20:32,10:53,98%,0ml,1930ml,FALSE,FALSE,REFILL MODE
205,-0.594772,9.7794955,1.0636135,10:20:32,10:53,98%,0ml,1931ml,FALSE,FALSE,REFILL MODE
206,-0.660176666666667,9.77350833333333,0.991027666666666,10:20:32,10:53,98%,0ml,1932ml,FALSE,FALSE,REFILL MODE
207,-0.658188,9.7866745,1.104294,10:20:32,10:53,98%,0ml,1933ml,FALSE,FALSE,REFILL MODE
208,-0.6222915,9.787872,1.019348,10:20:32,10:53,98%,0ml,1934ml,FALSE,FALSE,REFILL MODE
209,-0.64502,9.7842865,0.982254,10:20:33,10:53,98%,0ml,1935ml,FALSE,FALSE,REFILL MODE
210,-0.6438295,9.7735135,1.136589,10:20:33,10:53,98%,0ml,1936ml,FALSE,FALSE,REFILL MODE
211,-0.6773225,9.7782975,1.1174545,10:20:33,10:53,98%,0ml,1937ml,FALSE,FALSE,REFILL MODE
212,-0.7144165,9.753174,0.948761,10:20:33,10:53,98%,0ml,1938ml,FALSE,FALSE,REFILL MODE
213,-0.6533965,9.780693,1.019348,10:20:33,10:53,98%,0ml,1939ml,FALSE,FALSE,REFILL MODE
214,-0.649811,9.7890625,1.033699,10:20:33,10:53,98%,0ml,1940ml,FALSE,FALSE,REFILL MODE
215,-0.648613,9.780693,1.033699,10:20:33,10:53,98%,0ml,1941ml,FALSE,FALSE,REFILL MODE
216,-0.653397,9.7962495,1.0600205,10:20:33,10:53,98%,0ml,1942ml,FALSE,FALSE,REFILL MODE
217,-0.634254,9.783089,1.0444715,10:20:33,10:53,98%,0ml,1943ml,FALSE,FALSE,REFILL MODE
218,-0.67733,9.778305,0.9236295,10:20:33,10:53,98%,0ml,1944ml,FALSE,FALSE,REFILL MODE
219,-0.6581805,9.7794955,1.048058,10:20:33,10:53,98%,0ml,1945ml,FALSE,FALSE,REFILL MODE
220,-0.6450195,9.7878725,1.116249,10:20:33,10:53,98%,0ml,1946ml,FALSE,FALSE,REFILL MODE
221,-0.623489,9.779503,1.0241245,10:20:33,10:53,98%,0ml,1947ml,FALSE,FALSE,REFILL MODE
222,-0.668945,9.7842865,0.963112,10:20:33,10:53,98%,0ml,1948ml,FALSE,FALSE,REFILL MODE
223,-0.647415,9.77192166666667,1.04606133333333,10:20:33,10:53,98%,0ml,1949ml,FALSE,FALSE,REFILL MODE
224,-0.6342545,9.783081,1.0492555,10:20:33,10:53,98%,0ml,1950ml,FALSE,FALSE,REFILL MODE
225,-0.668945,9.7866745,1.031311,10:20:33,10:53,98%,0ml,1951ml,FALSE,FALSE,REFILL MODE
226,-0.6342545,9.792656,1.0026015,10:20:33,10:53,98%,0ml,1952ml,FALSE,FALSE,REFILL MODE
227,-0.6294705,9.7770995,1.020538,10:20:33,10:53,98%,0ml,1953ml,FALSE,FALSE,REFILL MODE
228,-0.5409315,9.83094,0.8267215,10:20:33,10:53,98%,0ml,1954ml,FALSE,FALSE,REFILL MODE
229,-0.6868975,9.771118,0.9990005,10:20:33,10:53,98%,0ml,1955ml,FALSE,FALSE,REFILL MODE
230,-0.649811,9.781883,1.153343,10:20:33,10:53,98%,0ml,1956ml,FALSE,FALSE,REFILL MODE
231,-0.6222915,9.7771075,0.928421,10:20:33,10:53,98%,0ml,1957ml,FALSE,FALSE,REFILL MODE
232,-0.782608,9.740013,1.2179565,10:20:33,10:53,98%,0ml,1958ml,FALSE,FALSE,REFILL MODE
233,-0.416504,9.8046185,1.356735,10:20:34,10:53,98%,0ml,1959ml,FALSE,FALSE,REFILL MODE
234,-0.5552905,9.801033,0.815956,10:20:34,10:53,98%,0ml,1960ml,FALSE,FALSE,REFILL MODE
235,-0.5840075,9.7842865,0.765709,10:20:34,10:53,98%,0ml,1961ml,FALSE,FALSE,REFILL MODE
236,-0.6258775,9.778297,0.826721,10:20:34,10:53,98%,0ml,1962ml,FALSE,TRUE,REFILL MODE
237,-0.581612,9.7854765,0.930809,10:20:34,10:53,98%,0ml,1963ml,FALSE,TRUE,REFILL MODE
238,-0.5445175,9.799835,1.1629105,10:20:34,10:53,98%,0ml,1964ml,FALSE,TRUE,REFILL MODE
239,-0.547719333333333,9.78786733333333,1.16331466666667,10:20:34,10:53,98%,0ml,1965ml,FALSE,TRUE,REFILL MODE
240,-0.6043395,9.7759095,0.888939,10:20:34,10:53,98%,0ml,1966ml,FALSE,TRUE,REFILL MODE
241,-0.5995635,9.7782975,0.7393875,10:20:34,10:53,98%,0ml,1967ml,FALSE,TRUE,REFILL MODE
242,-0.528969,9.7878725,1.1389845,10:20:34,10:53,98%,0ml,1968ml,FALSE,TRUE,REFILL MODE
243,-0.489487,9.801033,1.2000045,10:20:34,10:53,98%,0ml,1969ml,FALSE,TRUE,REFILL MODE
244,-0.377022,9.852478,1.1629105,10:20:34,10:53,98%,0ml,1970ml,FALSE,TRUE,REFILL MODE
245,-0.835251,9.736427,0.7609175,10:20:34,10:53,98%,0ml,1971ml,FALSE,TRUE,REFILL MODE
246,-0.6426315,9.7782975,0.6484605,10:20:34,10:53,98%,0ml,1972ml,FALSE,TRUE,REFILL MODE
247,-0.55529,9.7890705,0.741783,10:20:34,10:53,98%,0ml,1973ml,FALSE,TRUE,REFILL MODE
248,-0.5559005,9.7687305,1.1360015,10:20:34,10:53,98%,0ml,1974ml,FALSE,TRUE,REFILL MODE
249,-0.5540925,9.7836835,1.2287215,10:20:34,10:53,98%,0ml,1975ml,FALSE,TRUE,REFILL MODE
250,-0.582817,9.7663425,0.888344,10:20:34,10:53,98%,0ml,1976ml,FALSE,TRUE,REFILL MODE
251,-0.6067425,9.770531,0.723236,10:20:34,10:53,98%,0ml,1977ml,FALSE,TRUE,REFILL MODE
252,-0.5995635,9.770523,0.9768755,10:20:34,10:53,98%,0ml,1978ml,FALSE,TRUE,REFILL MODE
253,-0.566063,9.775917,1.146164,10:20:34,10:53,98%,0ml,1979ml,FALSE,TRUE,REFILL MODE
254,-0.5475235,9.7729265,0.9960175,10:20:34,10:53,98%,0ml,1980ml,FALSE,TRUE,REFILL MODE
255,-0.596573,9.7699355,0.8895415,10:20:34,10:53,98%,0ml,1981ml,FALSE,TRUE,REFILL MODE
256,-0.5983655,9.763939,0.9439775,10:20:34,10:53,98%,0ml,1982ml,FALSE,TRUE,REFILL MODE
257,-0.563675,9.7747195,1.1036985,10:20:35,10:53,98%,0ml,1983ml,FALSE,TRUE,REFILL MODE
258,-0.54512,9.7741165,1.0965195,10:20:35,10:53,98%,0ml,1984ml,FALSE,TRUE,REFILL MODE
259,-0.5750425,9.7687305,0.9559405,10:20:35,10:53,98%,0ml,1985ml,FALSE,TRUE,REFILL MODE
260,-0.6252895,9.75737,1.0061875,10:20:35,10:53,98%,0ml,1986ml,FALSE,TRUE,REFILL MODE
261,-0.5463255,9.772316,1.02713,10:20:35,10:53,98%,0ml,1987ml,FALSE,TRUE,REFILL MODE
262,-0.5475235,9.7705305,1.0725935,10:20:35,10:53,98%,0ml,1988ml,FALSE,TRUE,REFILL MODE
263,-0.555694333333333,9.77192166666667,1.03330466666667,10:20:35,10:53,98%,0ml,1989ml,FALSE,TRUE,REFILL MODE
264,-0.5810165,9.7627485,1.0480575,10:20:35,10:53,98%,0ml,1990ml,FALSE,TRUE,REFILL MODE
265,-0.5726395,9.766342,1.0061875,10:20:35,10:53,98%,0ml,1991ml,FALSE,TRUE,REFILL MODE
266,-0.5636675,9.770531,1.0570375,10:20:35,10:53,98%,0ml,1992ml,FALSE,TRUE,REFILL MODE
267,-0.5469205,9.770523,1.040878,10:20:35,10:53,98%,0ml,1993ml,FALSE,TRUE,REFILL MODE
268,-0.573837,9.7717285,0.9451675,10:20:35,10:53,98%,0ml,1994ml,FALSE,TRUE,REFILL MODE
269,-0.5559005,9.7717285,0.985252,10:20:35,10:53,98%,0ml,1995ml,FALSE,TRUE,REFILL MODE
270,-0.5774305,9.765152,1.068993,10:20:35,10:53,98%,0ml,1996ml,FALSE,TRUE,REFILL MODE
271,-0.6294785,9.759163,0.958328,10:20:35,10:53,98%,0ml,1997ml,FALSE,TRUE,REFILL MODE
272,-0.56427,9.7735215,1.054642,10:20:35,10:53,98%,0ml,1998ml,FALSE,TRUE,REFILL MODE
273,-0.5648655,9.7753065,1.0223385,10:20:35,10:53,98%,0ml,1999ml,FALSE,TRUE,REFILL MODE
274,-0.5917815,9.765747,0.9541475,10:20:35,10:53,98%,0ml,2000ml,FALSE,TRUE,REFILL MODE
275,-0.5792235,9.7627565,1.0163575,10:20:35,10:53,98%,0ml,2001ml,FALSE,TRUE,REFILL MODE
276,-0.5726395,9.7687375,1.0695955,10:20:35,10:53,98%,0ml,2002ml,FALSE,TRUE,REFILL MODE
277,-0.5522995,9.7789,1.0564345,10:20:35,10:53,98%,0ml,2003ml,FALSE,TRUE,REFILL MODE
278,-0.597176,9.7651445,0.956535,10:20:35,10:53,98%,0ml,2004ml,FALSE,TRUE,REFILL MODE
279,-0.608536,9.7591555,0.9547425,10:20:35,10:53,98%,0ml,2005ml,FALSE,TRUE,REFILL MODE
280,-0.597168333333333,9.763153,1.040085,10:20:35,10:53,98%,0ml,2006ml,FALSE,TRUE,REFILL MODE
281,-0.561874,9.7669375,1.0343015,10:20:36,10:53,98%,0ml,2007ml,FALSE,TRUE,REFILL MODE
282,-0.5911865,9.7657395,1.0480575,10:20:36,10:53,98%,0ml,2008ml,FALSE,TRUE,REFILL MODE
283,-0.586998,9.76873,1.071991,10:20:36,10:53,98%,0ml,2009ml,FALSE,TRUE,REFILL MODE
284,-0.588791,9.7627485,1.060623,10:20:36,10:53,98%,0ml,2010ml,FALSE,TRUE,REFILL MODE
285,-0.6103285,9.764542,1.0265275,10:20:36,10:53,98%,0ml,2011ml,FALSE,TRUE,REFILL MODE
286,-0.5834125,9.768135,0.993034,10:20:36,10:53,98%,0ml,2012ml,FALSE,TRUE,REFILL MODE
287,-0.5780255,9.7687305,1.049858,10:20:36,10:53,98%,0ml,2013ml,FALSE,TRUE,REFILL MODE
288,-0.586403,9.7681275,1.066612,10:20:36,10:53,98%,0ml,2014ml,FALSE,TRUE,REFILL MODE
289,-0.5959705,9.763344,1.0211485,10:20:36,10:53,98%,0ml,2015ml,FALSE,TRUE,REFILL MODE
290,-0.57563,9.769928,1.0791625,10:20:36,10:53,98%,0ml,2016ml,FALSE,TRUE,REFILL MODE
291,-0.592377,9.769928,1.0923305,10:20:36,10:53,98%,0ml,2017ml,FALSE,TRUE,REFILL MODE
292,-0.5995635,9.7657395,1.09951,10:20:36,10:53,98%,0ml,2018ml,FALSE,TRUE,REFILL MODE
293,-0.6019515,9.7627485,0.939186,10:20:36,10:53,98%,0ml,2019ml,FALSE,TRUE,REFILL MODE
294,-0.585205,9.7681355,0.9906385,10:20:36,10:53,98%,0ml,2020ml,FALSE,TRUE,REFILL MODE
295,-0.576828,9.773521,1.0504535,10:20:36,10:53,98%,0ml,2021ml,FALSE,TRUE,REFILL MODE
296,-0.574834,9.76753733333333,1.01336633333333,10:20:36,10:53,98%,0ml,2022ml,FALSE,TRUE,REFILL MODE
297,-0.5917815,9.7627485,1.0265275,10:20:36,10:53,98%,0ml,2023ml,FALSE,TRUE,REFILL MODE
298,-0.580429,9.770531,1.171295,10:20:36,10:53,98%,0ml,2024ml,FALSE,TRUE,REFILL MODE
299,-0.5911865,9.7878725,1.0983125,10:20:36,10:53,98%,0ml,2025ml,FALSE,TRUE,REFILL MODE
300,-0.6426315,9.7567595,1.042076,10:20:36,10:53,98%,0ml,2026ml,FALSE,TRUE,REFILL MODE
301,-0.5923845,9.7890625,1.1437755,10:20:36,10:53,98%,0ml,2027ml,FALSE,TRUE,REFILL MODE
302,-0.528969,9.792656,1.052841,10:20:36,10:53,98%,0ml,2028ml,FALSE,TRUE,REFILL MODE
303,-0.6198955,9.769928,1.0791625,10:20:36,10:53,98%,0ml,2029ml,FALSE,TRUE,REFILL MODE
304,-0.6067355,9.766335,1.101898,10:20:36,10:53,98%,0ml,2030ml,FALSE,TRUE,REFILL MODE
305,-0.5552905,9.779495,1.113861,10:20:37,10:53,98%,0ml,2031ml,FALSE,TRUE,REFILL MODE
306,-0.601155666666666,9.77271533333333,1.08993033333333,10:20:37,10:53,98%,0ml,2032ml,FALSE,TRUE,REFILL MODE
307,-0.5923765,9.780693,1.095917,10:20:37,10:53,98%,200ml,2033ml,FALSE,TRUE,REFILL MODE
308,-0.5732345,9.773514,1.150955,10:20:37,10:53,98%,201ml,2034ml,FALSE,TRUE,REFILL MODE
309,-0.5935745,9.762749,1.1545335,10:20:37,10:53,98%,202ml,2035ml,FALSE,TRUE,REFILL MODE
310,-0.588791,9.7663345,1.033699,10:20:37,10:53,98%,203ml,2036ml,FALSE,TRUE,REFILL MODE
311,-0.6258775,9.7771,1.0085755,10:20:37,10:53,98%,204ml,2037ml,FALSE,TRUE,REFILL MODE
312,-0.598366,9.7747115,1.042076,10:20:37,10:53,98%,205ml,2038ml,FALSE,TRUE,REFILL MODE
313,-0.605545,9.772316,1.118645,10:20:37,10:53,98%,206ml,2039ml,FALSE,TRUE,REFILL MODE
314,-0.5421295,9.7759015,1.237099,10:20:37,10:53,98%,207ml,2040ml,FALSE,TRUE,REFILL MODE
315,-0.5923765,9.7794955,1.159325,10:20:37,10:53,98%,208ml,2041ml,FALSE,TRUE,REFILL MODE
316,-0.6270755,9.761551,1.0181505,10:20:37,10:53,98%,209ml,2042ml,FALSE,TRUE,REFILL MODE
317,-0.5744325,9.7663345,1.009773,10:20:37,10:53,98%,210ml,2043ml,FALSE,TRUE,REFILL MODE
318,-0.556488,9.783081,1.18206,10:20:37,10:53,98%,211ml,2044ml,FALSE,TRUE,REFILL MODE
319,-0.607933,9.766335,1.127022,10:20:37,10:53,98%,212ml,2045ml,FALSE,TRUE,REFILL MODE
320,-0.619896,9.768723,1.073181,10:20:37,10:53,98%,213ml,2046ml,FALSE,TRUE,REFILL MODE
321,-0.57563,9.779495,0.973885,10:20:37,10:53,98%,214ml,2047ml,FALSE,TRUE,REFILL MODE
322,-0.517006,9.792656,1.1401825,10:20:37,10:53,98%,215ml,2048ml,FALSE,TRUE,REFILL MODE
323,-0.610321,9.760353,1.186844,10:20:37,10:53,98%,216ml,2049ml,FALSE,TRUE,REFILL MODE
324,-0.582804333333333,9.771922,1.10668433333333,10:20:37,10:53,98%,217ml,2050ml,FALSE,TRUE,REFILL MODE
325,-0.623489,9.761551,1.02533,10:20:37,10:53,98%,218ml,2051ml,FALSE,TRUE,REFILL MODE
326,-0.5899885,9.7645495,1.0402905,10:20:37,10:53,98%,219ml,2052ml,FALSE,TRUE,REFILL MODE
327,-0.5373535,9.776512,1.073189,10:20:37,10:53,98%,220ml,2053ml,FALSE,TRUE,REFILL MODE
328,-0.564873,9.7639465,1.079765,10:20:37,10:53,98%,221ml,2054ml,FALSE,TRUE,REFILL MODE
329,-0.597168,9.756767,0.9834595,10:20:38,10:53,98%,222ml,2055ml,FALSE,TRUE,REFILL MODE
330,-0.5397415,9.7681425,1.013374,10:20:38,10:53,98%,223ml,2056ml,FALSE,TRUE,REFILL MODE
331,-0.575035,9.7657395,0.988243,10:20:38,10:53,98%,224ml,2057ml,FALSE,TRUE,REFILL MODE
332,-0.597168,9.7537765,1.0839535,10:20:38,10:53,98%,225ml,2058ml,FALSE,TRUE,REFILL MODE
333,-0.5546955,9.769333,1.022934,10:20:38,10:53,98%,226ml,2059ml,FALSE,TRUE,REFILL MODE
334,-0.5427325,9.770531,1.040291,10:20:38,10:53,98%,227ml,2060ml,FALSE,TRUE,REFILL MODE
335,-0.5983655,9.754967,1.0869445,10:20:38,10:53,98%,228ml,2061ml,FALSE,TRUE,REFILL MODE
336,-0.57444,9.7669375,1.009178,10:20:38,10:53,98%,229ml,2062ml,FALSE,TRUE,REFILL MODE
337,-0.54393,9.7723235,0.97628,10:20:38,10:53,98%,230ml,2063ml,FALSE,TRUE,REFILL MODE
338,-0.5702515,9.7657395,1.027725,10:20:38,10:53,98%,231ml,2064ml,FALSE,TRUE,REFILL MODE
339,-0.588188,9.7639465,1.037895,10:20:38,10:53,98%,232ml,2065ml,FALSE,TRUE,REFILL MODE
340,-0.6234895,9.761551,1.0498505,10:20:38,10:53,98%,233ml,2066ml,FALSE,TRUE,REFILL MODE
341,-0.514618,9.780098,1.0055925,10:20:38,10:53,98%,234ml,2067ml,FALSE,TRUE,REFILL MODE
342,-0.597961666666667,9.76354466666667,1.04407766666667,10:20:38,10:53,98%,235ml,2068ml,FALSE,TRUE,REFILL MODE
343,-0.598366,9.7627485,1.084549,10:20:38,10:53,98%,236ml,2069ml,FALSE,TRUE,REFILL MODE
344,-0.5582885,9.7723235,0.9978105,10:20:38,10:53,98%,237ml,2070ml,FALSE,TRUE,REFILL MODE
345,-0.5618745,9.771126,0.9565425,10:20:38,10:53,98%,238ml,2071ml,FALSE,FALSE,REFILL MODE
346,-0.605545,9.7621535,1.061226,10:20:38,10:53,98%,239ml,2072ml,FALSE,FALSE,REFILL MODE
347,-0.569649,9.7633435,1.0941235,10:20:38,10:53,98%,240ml,2073ml,FALSE,FALSE,REFILL MODE
348,-0.5594865,9.771721,1.0223465,10:20:38,10:53,98%,241ml,2074ml,FALSE,FALSE,REFILL MODE
349,-0.612129,9.7639465,1.012764,10:20:38,10:53,98%,242ml,2075ml,FALSE,FALSE,REFILL MODE
350,-0.566658,9.7753145,1.051651,10:20:38,10:53,98%,243ml,2076ml,FALSE,FALSE,REFILL MODE
351,-0.6115265,9.762154,1.010971,10:20:38,10:53,98%,244ml,2077ml,FALSE,FALSE,REFILL MODE
352,-0.615112,9.754379,0.979874,10:20:38,10:53,98%,245ml,2078ml,FALSE,FALSE,REFILL MODE
353,-0.592377,9.778305,1.06601,10:20:39,10:53,98%,246ml,2079ml,FALSE,FALSE,REFILL MODE
354,-0.5923845,9.7830885,1.042076,10:20:39,10:53,98%,247ml,2080ml,FALSE,FALSE,REFILL MODE
355,-0.601952,9.783081,1.128212,10:20:39,10:53,98%,248ml,2081ml,FALSE,FALSE,REFILL MODE
356,-0.6139225,9.775902,1.1497575,10:20:39,10:53,98%,249ml,2082ml,FALSE,FALSE,REFILL MODE
357,-0.6246795,9.7663345,1.103096,10:20:39,10:53,98%,250ml,2083ml,FALSE,FALSE,REFILL MODE
358,-0.587593,9.7830885,1.04567,10:20:39,10:53,98%,251ml,2084ml,FALSE,FALSE,REFILL MODE
359,-0.60434,9.773514,1.073181,10:20:39,10:53,98%,252ml,2085ml,FALSE,FALSE,REFILL MODE
360,-0.567253,9.7866745,1.129417,10:20:39,10:53,98%,253ml,2086ml,FALSE,FALSE,REFILL MODE
361,-0.594772,9.7735135,1.0660095,10:20:39,10:53,98%,254ml,2087ml,FALSE,FALSE,REFILL MODE
362,-0.6151125,9.7699205,1.136589,10:20:39,10:53,98%,255ml,2088ml,FALSE,FALSE,REFILL MODE
363,-0.592377,9.7866745,1.063614,10:20:39,10:53,98%,256ml,2089ml,FALSE,FALSE,REFILL MODE
364,-0.5828095,9.783081,1.026527,10:20:39,10:53,98%,257ml,2090ml,FALSE,FALSE,REFILL MODE
365,-0.595565666666667,9.78786733333333,1.098709,10:20:39,10:53,98%,258ml,2091ml,FALSE,FALSE,REFILL MODE
366,-0.5863955,9.7866745,1.133003,10:20:39,10:53,98%,259ml,2092ml,FALSE,FALSE,REFILL MODE
367,-0.57563,9.780693,1.0851515,10:20:39,10:53,98%,260ml,2093ml,FALSE,FALSE,REFILL MODE
368,-0.619896,9.7747115,1.077965,10:20:39,10:53,98%,261ml,2094ml,FALSE,FALSE,REFILL MODE
369,-0.6031495,9.773514,1.117447,10:20:39,10:53,98%,262ml,2095ml,FALSE,FALSE,REFILL MODE
370,-0.582809,9.7878725,1.0971145,10:20:39,10:53,98%,263ml,2096ml,FALSE,FALSE,REFILL MODE
371,-0.6115185,9.778297,0.979866,10:20:39,10:53,98%,264ml,2097ml,FALSE,FALSE,REFILL MODE
372,-0.5935745,9.773514,1.0576325,10:20:39,10:53,98%,265ml,2098ml,FALSE,FALSE,REFILL MODE
373,-0.579216,9.7854765,1.113861,10:20:39,10:53,98%,266ml,2099ml,FALSE,FALSE,REFILL MODE
374,-0.6019515,9.765137,1.08754,10:20:39,10:53,98%,267ml,2100ml,FALSE,FALSE,REFILL MODE
375,-0.588791,9.7723235,1.060028,10:20:39,10:53,98%,268ml,2101ml,FALSE,FALSE,REFILL MODE
376,-0.5732425,9.781891,1.0995025,10:20:39,10:53,98%,269ml,2102ml,FALSE,FALSE,REFILL MODE
377,-0.5899885,9.7782975,1.0384905,10:20:40,10:53,98%,270ml,2103ml,FALSE,FALSE,REFILL MODE
378,-0.607933,9.766342,1.113861,10:20:40,10:53,98%,271ml,2104ml,FALSE,FALSE,REFILL MODE
379,-0.5828095,9.784279,1.0552365,10:20:40,10:53,98%,272ml,2105ml,FALSE,FALSE,REFILL MODE
380,-0.5373455,9.7782975,1.0755765,10:20:40,10:53,98%,273ml,2106ml,FALSE,FALSE,REFILL MODE
381,-0.5923765,9.7782975,1.1533435,10:20:40,10:53,98%,274ml,2107ml,FALSE,FALSE,REFILL MODE
382,-0.5361555,9.791458,1.106682,10:20:40,10:53,98%,275ml,2108ml,FALSE,FALSE,REFILL MODE
383,-0.6127165,9.7591555,1.013359,10:20:40,10:53,98%,276ml,2109ml,FALSE,FALSE,REFILL MODE
384,-0.597961666666667,9.76553866666667,1.10668433333333,10:20:40,10:53,98%,277ml,2110ml,FALSE,FALSE,REFILL MODE
385,-0.536148,9.7866745,1.1090775,10:20:40,10:53,98%,278ml,2111ml,FALSE,FALSE,REFILL MODE
386,-0.569649,9.7866745,1.144966,10:20:40,10:53,98%,279ml,2112ml,FALSE,FALSE,REFILL MODE
387,-0.6115265,9.7747115,1.0468595,10:20:40,10:53,98%,280ml,2113ml,FALSE,FALSE,REFILL MODE
388,-0.586403,9.7747115,1.0169525,10:20:40,10:53,98%,281ml,2114ml,FALSE,FALSE,REFILL MODE
389,-0.6186985,9.772316,0.9978105,10:20:40,10:53,98%,282ml,2115ml,FALSE,FALSE,REFILL MODE
390,-0.5816115,9.7747115,1.1449665,10:20:40,10:53,98%,283ml,2116ml,FALSE,FALSE,REFILL MODE
391,-0.576828,9.7866745,1.091133,10:20:40,10:53,98%,284ml,2117ml,FALSE,FALSE,REFILL MODE
392,-0.586395,9.766335,1.0672075,10:20:40,10:53,98%,285ml,2118ml,FALSE,FALSE,REFILL MODE
393,-0.5720445,9.7854765,0.979866,10:20:40,10:53,98%,286ml,2119ml,FALSE,FALSE,REFILL MODE
394,-0.586395,9.7759095,1.08036,10:20:40,10:53,98%,287ml,2120ml,FALSE,FALSE,REFILL MODE
395,-0.5971605,9.7651445,1.12941,10:20:40,10:53,98%,288ml,2121ml,FALSE,FALSE,REFILL MODE
396,-0.550499,9.7842785,1.0911255,10:20:40,10:53,98%,289ml,2122ml,FALSE,FALSE,REFILL MODE
397,-0.6019515,9.7747115,1.0719835,10:20:40,10:53,98%,290ml,2123ml,FALSE,FALSE,REFILL MODE
398,-0.585205,9.7699205,1.010971,10:20:40,10:53,98%,291ml,2124ml,FALSE,FALSE,REFILL MODE
399,-0.60434,9.7699205,1.11985,10:20:40,10:53,98%,292ml,2125ml,FALSE,FALSE,REFILL MODE
400,-0.579224,9.784279,1.1784665,10:20:40,10:53,98%,293ml,2126ml,FALSE,FALSE,REFILL MODE
401,-0.570839,9.783089,0.918846,10:20:41,10:53,98%,294ml,2127ml,FALSE,FALSE,REFILL MODE
402,-0.587590333333333,9.773514,1.09472166666667,10:20:41,10:53,98%,295ml,2128ml,FALSE,FALSE,REFILL MODE
403,-0.530167,9.7878645,1.219147,10:20:41,10:53,98%,296ml,2129ml,FALSE,FALSE,REFILL MODE
404,-0.5839995,9.779495,0.993027,10:20:41,10:53,98%,297ml,2130ml,FALSE,FALSE,REFILL MODE
405,-0.601944,9.7699205,0.9439695,10:20:41,10:53,98%,298ml,2131ml,FALSE,FALSE,REFILL MODE
406,-0.570839,9.7747115,1.056435,10:20:41,10:53,98%,299ml,2132ml,FALSE,FALSE,REFILL MODE
407,-0.5229875,9.79026,1.154541,10:20:41,10:53,98%,300ml,2133ml,FALSE,FALSE,REFILL MODE
408,-0.6091305,9.7663345,1.080368,10:20:41,10:53,98%,301ml,2134ml,FALSE,FALSE,REFILL MODE
409,-0.6210935,9.771118,0.9655,10:20:41,10:53,98%,302ml,2135ml,FALSE,FALSE,REFILL MODE
410,-0.567253,9.780693,1.043274,10:20:41,10:53,98%,303ml,2136ml,FALSE,FALSE,REFILL MODE
411,-0.5947725,9.769928,1.081558,10:20:41,10:53,98%,304ml,2137ml,FALSE,FALSE,REFILL MODE
412,-0.578018,9.78907,1.095917,10:20:41,10:53,98%,305ml,2138ml,FALSE,FALSE,REFILL MODE
413,-0.5840075,9.779495,1.0779725,10:20:41,10:53,98%,306ml,2139ml,FALSE,FALSE,REFILL MODE
414,-0.593582,9.780693,0.9894335,10:20:41,10:53,98%,307ml,2140ml,FALSE,FALSE,REFILL MODE
415,-0.580414,9.768723,1.0372925,10:20:41,10:53,98%,308ml,2141ml,FALSE,FALSE,REFILL MODE
416,-0.57563,9.783081,1.156929,10:20:41,10:53,98%,309ml,2142ml,FALSE,FALSE,REFILL MODE
417,-0.607933,9.7783055,1.1114655,10:20:41,10:53,98%,310ml,2143ml,FALSE,FALSE,REFILL MODE
418,-0.5851975,9.7723235,1.0444715,10:20:41,10:53,98%,311ml,2144ml,FALSE,FALSE,REFILL MODE
419,-0.605545,9.7711255,1.0803605,10:20:41,10:53,98%,312ml,2145ml,FALSE,FALSE,REFILL MODE
420,-0.585204666666667,9.78069566666667,1.09472133333333,10:20:41,10:53,98%,313ml,2146ml,FALSE,FALSE,REFILL MODE
421,-0.609131,9.767532,1.0959165,10:20:41,10:53,98%,314ml,2147ml,FALSE,FALSE,REFILL MODE
422,-0.600754,9.773514,1.022934,10:20:41,10:53,98%,315ml,2148ml,FALSE,FALSE,REFILL MODE
423,-0.5935825,9.7735135,1.0947185,10:20:41,10:53,98%,316ml,2149ml,FALSE,FALSE,REFILL MODE
424,-0.570839,9.7866745,1.092331,10:20:41,10:53,98%,317ml,2150ml,FALSE,FALSE,REFILL MODE
425,-0.610329,9.772316,1.074379,10:20:42,10:53,98%,318ml,2151ml,FALSE,FALSE,REFILL MODE
426,-0.619896,9.763939,1.1102755,10:20:42,10:53,98%,319ml,2152ml,FALSE,FALSE,REFILL MODE
427,-0.604347,9.771118,1.0815585,10:20:42,10:53,98%,320ml,2153ml,FALSE,FALSE,REFILL MODE
428,-0.5816115,9.7771,1.093521,10:20:42,10:53,98%,321ml,2154ml,FALSE,FALSE,REFILL MODE
429,-0.621094,9.7687225,1.2921295,10:20:42,10:53,98%,322ml,2155ml,FALSE,FALSE,REFILL MODE
430,-0.64502,9.75676,1.274185,10:20:42,10:53,98%,323ml,2156ml,FALSE,FALSE,REFILL MODE
431,-0.600754,9.7782975,1.051651,10:20:42,10:53,98%,324ml,2157ml,FALSE,FALSE,REFILL MODE
432,-0.609131,9.7890705,1.113861,10:20:42,10:53,98%,325ml,2158ml,FALSE,FALSE,REFILL MODE
433,-0.639038,9.7962495,1.082756,10:20:42,10:53,98%,326ml,2159ml,FALSE,FALSE,REFILL MODE
434,-0.63665,9.7878725,0.6041945,10:20:42,10:53,98%,327ml,2160ml,FALSE,FALSE,REFILL MODE
435,-0.744720333333333,9.77271533333333,0.666407333333333,10:20:42,10:53,98%,328ml,2161ml,FALSE,FALSE,REFILL MODE
436,-0.619896,9.805824,0.62812,10:20:42,10:53,98%,329ml,2162ml,FALSE,FALSE,REFILL MODE
437,-0.639038,9.802231,1.0097735,10:20:42,10:53,98%,330ml,2163ml,FALSE,FALSE,REFILL MODE
438,-0.612717,9.787872,0.809975,10:20:42,10:53,98%,331ml,2164ml,FALSE,FALSE,REFILL MODE
439,-0.592377,9.80941,0.941582,10:20:42,10:53,98%,332ml,2165ml,FALSE,FALSE,REFILL MODE
440,-0.660576,9.7926555,0.72982,10:20:42,10:53,98%,333ml,2166ml,FALSE,FALSE,REFILL MODE
441,-0.71801,9.7711185,0.867401,10:20:42,10:53,98%,334ml,2167ml,FALSE,FALSE,REFILL MODE
442,-0.549309,9.8153915,0.506088,10:20:42,10:53,98%,335ml,2168ml,FALSE,FALSE,REFILL MODE
443,-0.556488,9.791458,1.125824,10:20:42,10:53,98%,336ml,2169ml,FALSE,FALSE,REFILL MODE
444,-0.5265805,9.8070145,1.3052905,10:20:42,10:53,98%,337ml,2170ml,FALSE,FALSE,REFILL MODE
445,-0.552895,9.823761,0.85424,10:20:42,10:53,98%,338ml,2171ml,FALSE,FALSE,REFILL MODE
446,-0.424881,9.8584595,0.1567305,10:20:42,10:53,98%,339ml,2172ml,FALSE,FALSE,REFILL MODE
447,-0.801758,9.741211,1.1246335,10:20:42,10:53,98%,340ml,2173ml,FALSE,FALSE,REFILL MODE
448,-0.4667515,9.856064,0.922432,10:20:42,10:53,98%,341ml,2174ml,FALSE,FALSE,REFILL MODE
449,-0.3710405,9.890762,1.168892,10:20:43,10:53,98%,342ml,2175ml,FALSE,FALSE,REFILL MODE
450,-0.9824065,9.701729,0.8315125,10:20:43,10:53,98%,343ml,2176ml,FALSE,FALSE,REFILL MODE
451,-0.787791,9.755966,0.425527,10:20:43,10:53,98%,344ml,2177ml,FALSE,FALSE,REFILL MODE
452,-0.623482,9.8022235,0.374481,10:20:43,10:53,98%,345ml,2178ml,FALSE,FALSE,REFILL MODE
453,-0.628273,9.816582,0.7058865,10:20:43,10:53,98%,346ml,2179ml,FALSE,FALSE,REFILL MODE
454,-0.719193,9.773514,0.637695,10:20:43,10:53,98%,347ml,2180ml,FALSE,FALSE,REFILL MODE
455,-0.5346525,9.814194,0.847969,10:20:43,10:53,98%,348ml,2181ml,FALSE,FALSE,REFILL MODE
456,-0.5690535,9.7968445,0.757935,10:20:43,10:53,98%,349ml,2182ml,FALSE,FALSE,REFILL MODE
457,-0.251404,9.8931655,1.1138685,10:20:43,10:53,98%,350ml,2183ml,FALSE,FALSE,REFILL MODE
458,-0.7628785,9.763344,0.66761,10:20:43,10:53,98%,351ml,2184ml,FALSE,FALSE,REFILL MODE
459,-0.699463,9.7842865,0.465416,10:20:43,10:53,98%,352ml,2185ml,FALSE,FALSE,REFILL MODE
460,-0.6432345,9.769928,0.3338015,10:20:43,10:53,98%,353ml,2186ml,FALSE,FALSE,REFILL MODE
461,-0.6731415,9.7651365,0.242874,10:20:43,10:53,98%,354ml,2187ml,FALSE,FALSE,REFILL MODE
462,-0.7054445,9.7872775,0.65863,10:20:43,10:53,98%,355ml,2188ml,FALSE,FALSE,REFILL MODE
463,-0.437454,9.8758165,0.5132675,10:20:43,10:53,98%,356ml,2189ml,FALSE,FALSE,REFILL MODE
464,-0.7389375,9.6281585,0.4073795,10:20:43,10:53,98%,357ml,2190ml,FALSE,FALSE,REFILL MODE
465,-0.5295715,9.930847,0.799805,10:20:43,10:53,98%,358ml,2191ml,FALSE,FALSE,REFILL MODE
466,-0.72937,9.7992475,0.81237,10:20:43,10:53,98%,359ml,2192ml,FALSE,FALSE,REFILL MODE
467,-1.0805205,9.634735,0.689743,10:20:43,10:53,98%,360ml,2193ml,FALSE,FALSE,REFILL MODE
468,-0.738744,9.756373,0.815958666666667,10:20:43,10:53,98%,361ml,2194ml,FALSE,FALSE,REFILL MODE
469,-0.567856,9.8231735,0.9039,10:20:43,10:53,98%,362ml,2195ml,FALSE,FALSE,REFILL MODE
470,-0.3860015,9.8752135,1.001999,10:20:43,10:53,98%,363ml,2196ml,FALSE,FALSE,REFILL MODE
471,-0.587601,9.7795025,0.8177565,10:20:43,10:53,98%,364ml,2197ml,FALSE,FALSE,REFILL MODE
472,-0.664169,9.796852,0.945175,10:20:43,10:53,98%,365ml,2198ml,FALSE,FALSE,REFILL MODE
473,-0.841835,9.7089155,0.979271,10:20:44,10:53,98%,366ml,2199ml,FALSE,FALSE,REFILL MODE
474,-0.614517,9.709511,0.6885375,10:20:44,10:53,98%,367ml,2200ml,FALSE,FALSE,REFILL MODE
475,-0.53495,9.7950515,0.9308165,10:20:44,10:53,98%,368ml,2201ml,FALSE,FALSE,REFILL MODE
476,-0.3740385,9.787872,0.917656,10:20:44,10:53,98%,369ml,2202ml,FALSE,FALSE,REFILL MODE
477,-0.0623705,10.4877775,1.4506605,10:20:44,10:53,98%,370ml,2203ml,FALSE,FALSE,REFILL MODE
478,-0.1060405,10.2748185,0.8733825,10:20:44,10:53,98%,371ml,2204ml,FALSE,FALSE,REFILL MODE
479,-0.843033,9.869835,0.978668,10:20:44,10:53,98%,372ml,2205ml,FALSE,FALSE,REFILL MODE
480,-0.515213,10.073219,0.838692,10:20:44,10:53,98%,373ml,2206ml,FALSE,FALSE,REFILL MODE
481,-0.8663635,10.014595,0.895523,10:20:44,10:53,98%,374ml,2207ml,FALSE,FALSE,REFILL MODE
482,-0.8011625,10.263443,0.9421845,10:20:44,10:53,98%,375ml,2208ml,FALSE,FALSE,REFILL MODE
483,-1.117615,10.3125,0.9451675,10:20:44,10:53,98%,376ml,2209ml,FALSE,FALSE,REFILL MODE
484,-0.5582885,10.6229705,1.001999,10:20:44,10:53,98%,377ml,2210ml,FALSE,FALSE,REFILL MODE
485,-0.134155333333333,10.7900696666667,1.05404666666667,10:20:44,10:53,98%,378ml,2211ml,FALSE,FALSE,REFILL MODE
486,0.3067245,10.440514,0.796814,10:20:44,10:53,98%,379ml,2212ml,FALSE,FALSE,REFILL MODE
487,0.6483,10.671425,0.8428725,10:20:44,10:53,98%,380ml,2213ml,FALSE,FALSE,REFILL MODE
488,0.0411225,10.4913635,1.1066895,10:20:44,10:53,98%,381ml,2214ml,FALSE,FALSE,REFILL MODE
489,0.343811,10.2819905,0.760925,10:20:44,10:53,98%,382ml,2215ml,FALSE,FALSE,REFILL MODE
490,-0.7233965,9.616188,1.0043945,10:20:44,10:53,98%,383ml,2216ml,FALSE,FALSE,REFILL MODE
491,0.035141,9.175316,0.2548445,10:20:44,10:53,98%,384ml,2217ml,FALSE,FALSE,REFILL MODE
492,-0.3243865,8.890564,0.221939,10:20:44,10:53,98%,385ml,2218ml,FALSE,FALSE,REFILL MODE
493,-0.48291,8.8684385,-0.17527,10:20:44,10:53,98%,386ml,2219ml,FALSE,FALSE,REFILL MODE
494,-0.000153,9.0778125,0.5252305,10:20:44,10:53,98%,387ml,2220ml,FALSE,FALSE,REFILL MODE
495,-0.1550905,8.7182845,0.014954,10:20:44,10:53,98%,388ml,2221ml,FALSE,FALSE,REFILL MODE
496,0.228363,8.907318,-0.1034925,10:20:44,10:53,98%,389ml,2222ml,FALSE,FALSE,REFILL MODE
497,0.7529905,9.491768,0.1334075,10:20:45,10:53,98%,390ml,2223ml,FALSE,FALSE,REFILL MODE
498,1.0108185,9.381096,-0.489937,10:20:45,10:53,98%,391ml,2224ml,FALSE,FALSE,REFILL MODE
499,0.097351,9.554573,-0.611969,10:20:45,10:53,98%,392ml,2225ml,FALSE,FALSE,REFILL MODE
500,0.0279615,10.211998,-0.6849515,10:20:45,10:53,98%,393ml,2226ml,FALSE,FALSE,REFILL MODE
501,-0.183614,11.0783993333333,-1.04526233333333,10:20:45,10:53,98%,394ml,2227ml,FALSE,FALSE,REFILL MODE
502,-0.804153,11.8863835,-0.6353,10:20:45,10:53,98%,395ml,2228ml,FALSE,FALSE,REFILL MODE
503,-0.7455215,11.902527,-0.2057875,10:20:45,10:53,98%,396ml,2229ml,FALSE,FALSE,REFILL MODE
504,0.1631545,11.9444125,-0.011955,10:20:45,10:53,98%,397ml,2230ml,FALSE,FALSE,REFILL MODE
505,0.3940585,11.001633,-0.072975,10:20:45,10:53,98%,398ml,2231ml,FALSE,FALSE,REFILL MODE
506,0.2738265,10.767731,-0.0293045,10:20:45,10:53,98%,399ml,2232ml,FALSE,FALSE,REFILL MODE
507,0.205635,11.148193,0.2679975,10:20:45,10:53,98%,400ml,2233ml,FALSE,FALSE,REFILL MODE
508,-0.4769285,9.9015275,-0.084946,10:20:45,10:53,98%,401ml,2234ml,FALSE,FALSE,REFILL MODE
509,-0.895668,9.347595,0.4384915,10:20:45,10:53,98%,402ml,2235ml,FALSE,FALSE,REFILL MODE
510,0.013603,8.4209745,-0.74955,10:20:45,10:53,98%,403ml,2236ml,FALSE,FALSE,REFILL MODE
511,-1.6254805,7.9860765,0.062218,10:20:45,10:53,98%,404ml,2237ml,FALSE,FALSE,REFILL MODE
512,-0.696465,8.7164915,0.9559405,10:20:45,10:53,98%,405ml,2238ml,FALSE,FALSE,REFILL MODE
513,-0.70903,8.866043,1.204193,10:20:45,10:53,98%,406ml,2239ml,FALSE,FALSE,REFILL MODE
514,-0.9812165,8.8110045,0.223129,10:20:45,10:53,98%,407ml,2240ml,FALSE,FALSE,REFILL MODE
515,-1.5620725,8.5454025,-0.193222,10:20:45,10:53,98%,408ml,2241ml,FALSE,FALSE,REFILL MODE
516,-1.2719425,9.040123,-0.4133605,10:20:45,10:53,98%,409ml,2242ml,FALSE,FALSE,REFILL MODE
517,-1.2546005,9.6215745,-0.072975,10:20:45,10:53,98%,410ml,2243ml,FALSE,FALSE,REFILL MODE
518,-1.03226733333333,9.72646066666667,0.197418333333333,10:20:45,10:53,98%,411ml,2244ml,FALSE,FALSE,REFILL MODE
519,-0.0952685,9.6694335,-0.6269225,10:20:45,10:53,98%,412ml,2245ml,FALSE,FALSE,REFILL MODE
520,0.117691,9.2010345,-0.6867445,10:20:45,10:53,98%,413ml,2246ml,FALSE,FALSE,REFILL MODE
521,-0.3782275,8.9097135,-0.860817,10:20:46,10:53,98%,414ml,2247ml,FALSE,FALSE,REFILL MODE
522,-1.105644,9.2040255,-0.3021015,10:20:46,10:53,98%,415ml,2248ml,FALSE,FALSE,REFILL MODE
523,-1.1343615,10.2419125,-0.157326,10:20:46,10:53,98%,416ml,2249ml,FALSE,FALSE,REFILL MODE
524,-1.4161145,9.9996415,-0.0466615,10:20:46,10:53,98%,417ml,2250ml,FALSE,FALSE,REFILL MODE
525,-1.3084335,9.71669,0.533005,10:20:46,10:53,98%,418ml,2251ml,FALSE,FALSE,REFILL MODE
526,-0.646225,10.061256,0.846466,10:20:46,10:53,98%,419ml,2252ml,FALSE,FALSE,REFILL MODE
527,0.200249,9.628151,0.151352,10:20:46,10:53,98%,420ml,2253ml,FALSE,FALSE,REFILL MODE
528,-0.1999515,9.8124005,1.18087,10:20:46,10:53,98%,421ml,2254ml,FALSE,FALSE,REFILL MODE
529,-0.4960705,9.687973,0.5312045,10:20:46,10:53,98%,422ml,2255ml,FALSE,FALSE,REFILL MODE
530,-0.4177015,9.893158,1.021141,10:20:46,10:53,98%,423ml,2256ml,FALSE,FALSE,REFILL MODE
531,-0.316017,9.740616,1.2305145,10:20:46,10:53,98%,424ml,2257ml,FALSE,FALSE,REFILL MODE
532,-0.5194015,9.227959,1.3770825,10:20:46,10:53,98%,425ml,2258ml,FALSE,FALSE,REFILL MODE
533,-0.553497,8.9204785,1.3154605,10:20:46,10:53,98%,426ml,2259ml,FALSE,FALSE,REFILL MODE
534,-0.131767,9.393654,1.2514495,10:20:46,10:53,98%,427ml,2260ml,FALSE,FALSE,REFILL MODE
535,-0.434855,9.5454,1.338791,10:20:46,10:53,98%,428ml,2261ml,FALSE,FALSE,REFILL MODE
536,-0.2932815,9.714294,1.359726,10:20:46,10:53,98%,429ml,2262ml,FALSE,FALSE,REFILL MODE
537,-0.2137225,9.7005385,1.3645095,10:20:46,10:53,98%,430ml,2263ml,FALSE,FALSE,REFILL MODE
538,-0.237053,9.727455,1.5266265,10:20:46,10:53,98%,431ml,2264ml,FALSE,FALSE,REFILL MODE
539,-0.5636745,9.6730195,1.2646105,10:20:46,10:53,98%,432ml,2265ml,FALSE,FALSE,REFILL MODE
540,-0.5887905,9.905121,1.2430725,10:20:46,10:53,98%,433ml,2266ml,FALSE,FALSE,REFILL MODE
541,-0.8322675,10.0211715,1.2376935,10:20:46,10:53,98%,434ml,2267ml,FALSE,FALSE,REFILL MODE
542,-0.564865,9.6945495,0.0843505,10:20:46,10:53,98%,435ml,2268ml,FALSE,FALSE,REFILL MODE
543,-0.6695555,10.318481,0.275177,10:20:46,10:53,98%,436ml,2269ml,FALSE,FALSE,REFILL MODE
544,-1.297066,11.7828905,2.4735875,10:20:46,10:53,98%,437ml,2270ml,FALSE,FALSE,REFILL MODE
545,-0.8167115,9.987076,1.676773,10:20:47,10:53,98%,438ml,2271ml,FALSE,FALSE,REFILL MODE
546,-1.0739365,8.8433075,-0.019142,10:20:47,10:53,98%,439ml,2272ml,FALSE,FALSE,REFILL MODE
547,-1.07753,9.6473005,0.8315125,10:20:47,10:53,98%,440ml,2273ml,FALSE,FALSE,REFILL MODE
548,-0.155701,10.067238,0.9032975,10:20:47,10:53,98%,441ml,2274ml,FALSE,FALSE,REFILL MODE
549,-0.208336,10.4165875,1.763519,10:20:47,10:53,98%,442ml,2275ml,FALSE,FALSE,REFILL MODE
550,-1.1128235,9.390663,1.0929335,10:20:47,10:53,98%,443ml,2276ml,FALSE,FALSE,REFILL MODE
551,-0.842432666666666,9.05727133333333,0.396021666666667,10:20:47,10:53,98%,444ml,2277ml,FALSE,FALSE,REFILL MODE
552,-0.2962725,9.7723235,0.6047975,10:20:47,10:53,98%,445ml,2278ml,FALSE,FALSE,REFILL MODE
553,-0.951302,9.3655475,0.058632,10:20:47,10:53,98%,446ml,2279ml,FALSE,FALSE,REFILL MODE
554,-1.066757,9.596443,0.047264,10:20:47,10:53,98%,447ml,2280ml,FALSE,FALSE,REFILL MODE
555,-1.2557905,10.1432115,0.527626,10:20:47,10:53,98%,448ml,2281ml,FALSE,FALSE,REFILL MODE
556,-0.7957765,10.3645475,1.030716,10:20:47,10:53,98%,449ml,2282ml,FALSE,FALSE,REFILL MODE
557,-0.639038,9.832741,0.8213425,10:20:47,10:53,98%,450ml,2283ml,FALSE,FALSE,REFILL MODE
558,-0.116806,9.3051225,-0.3122635,10:20:47,10:53,98%,451ml,2284ml,FALSE,FALSE,REFILL MODE
559,-0.0641635,10.0696335,0.695717,10:20:47,10:53,98%,452ml,2285ml,FALSE,FALSE,REFILL MODE
560,-0.6270755,11.479004,3.1567385,10:20:47,10:53,98%,453ml,2286ml,FALSE,FALSE,REFILL MODE
561,-1.1564865,9.9296495,2.503502,10:20:47,10:53,98%,454ml,2287ml,FALSE,FALSE,REFILL MODE
